ID,Pred
1,0.4161291615856536
2,0.03755351922269671
3,0.5201741368207045
4,0.45744952126490146
5,0.8780649725842927
6,0.1864387521316636
7,0.5018397174077749
8,0.47251023771532763
9,0.6001007544448996
10,0.3796791225598954
11,0.5397557703343779
12,0.5358975670335929
13,0.2623822755826592
14,0.49890782402418854
15,0.7372533512844148
16,0.6054551135827363
17,0.7992043651359707
18,0.6948078157968585
19,0.5591961407766532
20,0.5283786271633067
21,0.7826551800365577
22,0.38562606672490124
23,0.6174201197653448
24,0.46877833217713366
25,0.8901316295555574
26,0.7305400708463473
27,0.7908393565430137
28,0.7626449748698853
29,0.7126164664569787
30,0.5538283907637218
31,0.3536555268916285
32,0.9371469010458946
33,0.6997406611894249
34,0.6776226158013998
35,0.4841793399740604
36,0.5840997544323862
37,0.6624251394093742
38,0.9589936315205404
39,0.39578132466331367
40,0.7341452296752853
41,0.7704562621715867
42,0.6035152944494119
43,0.3339016509394049
44,0.47053975263377873
45,0.6540668229946325
46,0.9229105488669272
47,0.3054663972478913
48,0.7871350964018756
49,0.20546427277326718
50,0.8747181143293723
51,0.6339741194444596
52,0.6388621843325069
53,0.48333528450678725
54,0.2741209966746539
55,0.6145955144551446
56,0.8372873325347232
57,0.5236289536452586
58,0.367385852831207
59,0.5697396780382734
60,0.6675772556980871
61,0.8050173691795687
62,0.9577721770203107
63,0.905325397952102
64,0.7072788326526573
65,0.8782431998658222
66,0.5515289829683332
67,0.49769496024187226
68,0.4620525850700086
69,0.37563375168800817
70,0.75857786429888
71,0.8380261673999271
72,0.4110420009509444
73,0.6253248320395045
74,0.34260783711127957
75,0.8763623738115447
76,0.7922519098837175
77,0.43785027658035025
78,0.787398173921299
79,0.48248430449207724
80,0.5686615827975069
81,0.7259421276829631
82,0.49072100616774494
83,0.7455990807637256
84,0.6378153488231327
85,0.6482432982631544
86,0.13970176513829632
87,0.7430376672112983
88,0.6129339652105334
89,0.9880896626777752
90,0.5824647015532037
91,0.7640143053329513
92,0.46436821197403116
93,0.8974159899823995
94,0.9688416002088416
95,0.1435268623057011
96,0.9295220016913556
97,0.8866461675021392
98,0.40654989822195664
99,0.687643768678865
100,0.8100429693462181
101,0.7492364457532986
102,0.8600250500895305
103,0.7157599904597357
104,0.3398535731869313
105,0.39311141900013324
106,0.1947763546462469
107,0.47304907901021553
108,0.8652045697847609
109,0.7948933040514182
110,0.9759175821027708
111,0.7486277381553506
112,0.5370977079544211
113,0.5888292408165312
114,0.5298138207613944
115,0.4918718775626425
116,0.9431833977412218
117,0.6479287937927731
118,0.8347476890685775
119,0.9001529321100213
120,0.7791521519242602
121,0.8605941972774074
122,0.8575535233109286
123,0.8034358992273548
124,0.7895717177332289
125,0.7455229286073398
126,0.7637653332772903
127,0.742584355741223
128,0.6619972952407251
129,0.5490364277558318
130,0.37657352469329075
131,0.7236554546294912
132,0.9869806718108672
133,0.32699974102435364
134,0.5180277894622385
135,0.69459610535784
136,0.8485076909156191
137,0.6740794745508791
138,0.790460367080396
139,0.7727353469500593
140,0.8725827024686384
141,0.5038712256100545
142,0.34845118839483463
143,0.4626802639092952
144,0.8288395696094921
145,0.3719482496204656
146,0.6319758330660192
147,0.37894126985908955
148,0.7642491814406333
149,0.7723705139312219
150,0.6998316503403474
151,0.5842803052924666
152,0.3906725991534855
153,0.26995408434536844
154,0.4292243166469928
155,0.2972049846923672
156,0.785913197383675
157,0.3511874506377126
158,0.5281247229748298
159,0.1665507100331464
160,0.3592967513986864
161,0.7356086310027786
162,0.9167235161498447
163,0.2756808287750818
164,0.794539274361544
165,0.6013889457545692
166,0.5811557435389747
167,0.8733992971134338
168,0.4324845835880845
169,0.7458562963738132
170,0.17249632206219265
171,0.5138119763074538
172,0.8149806267423552
173,0.9307194015328049
174,0.5405909364100434
175,0.7001988522030428
176,0.8143872546446146
177,0.9907535104809045
178,0.33829038378616005
179,0.3640483265828869
180,0.5228641969254803
181,0.5544604446657934
182,0.599437144254269
183,0.5885817170529556
184,0.48801715797015516
185,0.5641161049042367
186,0.7647644147926471
187,0.25294429418123493
188,0.866736578731635
189,0.5563256546533494
190,0.5211734198905921
191,0.8701727369779322
192,0.40694419571521256
193,0.9244995543913834
194,0.42779564880709886
195,0.40364792305991287
196,0.8644515367489697
197,0.41265306660738416
198,0.6805850817617463
199,0.1853034679567074
200,0.9228727244287113
201,0.8888779755985728
202,0.4191420535579374
203,0.10355536480891571
204,0.6487458030936503
205,0.6142930595332569
206,0.18105339931414663
207,0.7251462803062186
208,0.8249841531446441
209,0.4389433549037731
210,0.30608635911482207
211,0.8922039965043727
212,0.7248218985172565
213,0.3837641133999499
214,0.398580326940205
215,0.8478196573487473
216,0.8672121083478189
217,0.5963243967478463
218,0.4355579175867054
219,0.729584409285277
220,0.6381326551614638
221,0.41390187286173236
222,0.5866806005435632
223,0.8316928585924426
224,0.7186123491968973
225,0.37683522444490175
226,0.08729807953040701
227,0.612520765137238
228,0.23515742531014586
229,0.4698938079806655
230,0.09613257671903111
231,0.867404493892835
232,0.1973701659742941
233,0.6695238151031842
234,0.9028176376685493
235,0.7053974095003398
236,0.8940455880573056
237,0.37970751065865954
238,0.4022974655885882
239,0.5538005252208191
240,0.8926534684298593
241,0.7311089325317291
242,0.34871698062375694
243,0.4407595322592188
244,0.44470469256104933
245,0.7309437184819702
246,0.14615155455986775
247,0.5612493468697991
248,0.4610392123019683
249,0.55313264579446
250,0.45780418071307705
251,0.3710196024784503
252,0.5624559192549378
253,0.3342278390027831
254,0.8408943708301392
255,0.5923340323249999
256,0.35137202697757675
257,0.3706942302831458
258,0.28428968834934676
259,0.5401367963848529
260,0.8464292593478921
261,0.7259061370586547
262,0.9459660206016118
263,0.46118760222307675
264,0.8598422945759601
265,0.48159093876837744
266,0.6919125101346547
267,0.7239395502976367
268,0.7896124659732563
269,0.8623250479199883
270,0.5189299537561536
271,0.6965733552408575
272,0.3027428814600135
273,0.8585438532415071
274,0.7843632431107851
275,0.3798610552161134
276,0.48049455211245257
277,0.5074128272182065
278,0.3529508074001698
279,0.6156352952469466
280,0.483706822998548
281,0.5396500405954592
282,0.4137732332686411
283,0.7160907098573022
284,0.5936721366662666
285,0.2201631573707605
286,0.47911507211187443
287,0.6567868018281768
288,0.7625784197430299
289,0.9301802287968217
290,0.2661465753813398
291,0.7614560458849929
292,0.38736044321133023
293,0.6915023899184153
294,0.9445689902687943
295,0.3062612935681841
296,0.6739635719169642
297,0.5807379513868706
298,0.39672227911366664
299,0.46360649340667776
300,0.9422278626781849
301,0.4178932974233249
302,0.9180761502182682
303,0.4431998534544313
304,0.8316441610517291
305,0.8149634398727863
306,0.5120409660678589
307,0.7224846273209466
308,0.7032700810163522
309,0.8455624960189145
310,0.8873960055514594
311,0.8964655126521368
312,0.43001943234923756
313,0.5072671520060388
314,0.36011153080786823
315,0.42673660853066697
316,0.3540972650684011
317,0.6348989292448514
318,0.5067556129555255
319,0.8151826248622105
320,0.7005512319952879
321,0.8212724539289149
322,0.528774046888327
323,0.6086932608270839
324,0.38352742640458093
325,0.8079085601125048
326,0.7804084093469361
327,0.9582468518147295
328,0.9323820994375308
329,0.696268963494157
330,0.590103497227423
331,0.4282780525775929
332,0.9298718970914558
333,0.872074217607777
334,0.6250509755164031
335,0.5360555997691824
336,0.6871317225923407
337,0.2829219703478168
338,0.7818298734264625
339,0.6251045566890258
340,0.6172764544139933
341,0.44265747651062437
342,0.4329213075555574
343,0.7656952904342472
344,0.6183036629692683
345,0.8988297786546177
346,0.23717100937889538
347,0.6428691352369724
348,0.7611941690007723
349,0.12948893323743335
350,0.6959429067723906
351,0.44611258433969403
352,0.8999514749708065
353,0.1816450529459146
354,0.4896858501437836
355,0.33899721951953266
356,0.3965173937553686
357,0.42723118964384893
358,0.5553882375215652
359,0.27132532059667713
360,0.2783328095061846
361,0.4378859302300032
362,0.5278549331653177
363,0.6694314830878606
364,0.457105842509912
365,0.694761400506708
366,0.19711789877556884
367,0.8022925017250503
368,0.8013509932955095
369,0.9157218614181472
370,0.7435507519806105
371,0.08528542902584048
372,0.25166257919261076
373,0.41143001239640176
374,0.11825783961254112
375,0.5769411691378487
376,0.5353891846067582
377,0.3455078252955754
378,0.13411910495652152
379,0.1654928020839945
380,0.7821055922613186
381,0.9137072820211087
382,0.5005306161188634
383,0.8403769283065341
384,0.7609502189900208
385,0.878467656844804
386,0.19937341440911455
387,0.48369185712323626
388,0.8014126202564089
389,0.5881489558699311
390,0.31319183569946735
391,0.5622551400227073
392,0.9061107412136378
393,0.3251312247735953
394,0.5121785576094913
395,0.32393786798891705
396,0.09599443994123215
397,0.5388614016093206
398,0.6334918041350472
399,0.7521259031236421
400,0.671581584213024
401,0.4856173239838128
402,0.38861325861811835
403,0.6535295914513842
404,0.7345814047967688
405,0.7059055353351092
406,0.37673561356510715
407,0.8754663876658723
408,0.8255257444865298
409,0.937806518993878
410,0.7279761342126533
411,0.5636070090489802
412,0.8867375414222313
413,0.8382835758858006
414,0.8278886898445488
415,0.6933890769488127
416,0.7569112165442946
417,0.7768085821854216
418,0.4027661909188825
419,0.13353075317771915
420,0.758269795962374
421,0.20402882406829279
422,0.7217983224619238
423,0.4271871925693404
424,0.6130333725715152
425,0.32820553852841455
426,0.33371647813215616
427,0.6478539394516301
428,0.5862012444638761
429,0.8102193152100913
430,0.8947404803056161
431,0.9281097559722138
432,0.30437614353425296
433,0.33825098546504695
434,0.26315448088371973
435,0.7129259552236996
436,0.8873764613617686
437,0.3730312311339186
438,0.5093932857636857
439,0.2055666990356842
440,0.3086554793429635
441,0.9400067705097994
442,0.7071525761037583
443,0.36815914197683014
444,0.608158531673686
445,0.22474231141362394
446,0.30413861077573373
447,0.91682386202007
448,0.57311715347534
449,0.3928587056608014
450,0.3238036376326646
451,0.36414366357920774
452,0.5565530303792463
453,0.5493466545461017
454,0.5622111425237576
455,0.8816420653525697
456,0.4412440762820377
457,0.5553265924102061
458,0.6352484123274034
459,0.677328313315243
460,0.8839982486175921
461,0.2873110296612468
462,0.6313597628975951
463,0.2592719502647397
464,0.31492128324667196
465,0.8381926943899008
466,0.8038672829988103
467,0.5751728664174969
468,0.8157268539477284
469,0.2600396127499499
470,0.7299241073413418
471,0.8638243389727214
472,0.5880268458283516
473,0.2915481360119937
474,0.89239591126445
475,0.03924483846527528
476,0.3904144718763892
477,0.7946077320917659
478,0.9082373478975868
479,0.5456253099732806
480,0.5611634143952288
481,0.8814360246441747
482,0.4959931561188193
483,0.6553898266873238
484,0.530563891960196
485,0.20774893265851818
486,0.39963757511059106
487,0.5092168924614006
488,0.6069602919787397
489,0.5073202064476023
490,0.7034455514328941
491,0.6998130446836823
492,0.5449425987405193
493,0.8085403281375872
494,0.3492145667514419
495,0.9287319006914404
496,0.6672331723856151
497,0.4555095385667014
498,0.341636255486677
499,0.8768607623420748
500,0.9085696336255747
501,0.8337709316672074
502,0.764083450430214
503,0.7375337700828822
504,0.14527647256839693
505,0.30058086014927604
506,0.7322162746750638
507,0.6735800869206621
508,0.7287897096710917
509,0.47088587925671643
510,0.6960822773962151
511,0.32505448132055026
512,0.38652628741745276
513,0.7564049647074734
514,0.19413790822015936
515,0.6672073932879401
516,0.31591170749748876
517,0.6081839572532197
518,0.5092627258680991
519,0.29677491315197313
520,0.6326491429280248
521,0.6767672024536993
522,0.16969386624961505
523,0.9646807054172193
524,0.9571608678576401
525,0.8746835028100819
526,0.5423078424040676
527,0.226871340122859
528,0.28569079042695705
529,0.7457916378431347
530,0.4072398037225874
531,0.4691733492337957
532,0.6954888197566949
533,0.5884188524774635
534,0.36977143409987057
535,0.5322256492525773
536,0.5372131936490346
537,0.2477395866697123
538,0.10585041964772053
539,0.28105221536511965
540,0.6518828326213704
541,0.9074907694479335
542,0.8316773067900776
543,0.5508478124300762
544,0.8624017263303063
545,0.16522956045455311
546,0.9146822678198917
547,0.2617468758801624
548,0.65838861859432
549,0.5719912490676794
550,0.5591072583654402
551,0.6922331624652426
552,0.5558300776729707
553,0.6534853421443849
554,0.454033832125837
555,0.8969231465448475
556,0.26090710044643833
557,0.7243866423404446
558,0.6428691352369724
559,0.7545860892988299
560,0.35773624722480274
561,0.1969874417820914
562,0.32146232115818524
563,0.6290911940402009
564,0.8804848909546067
565,0.7085063268867001
566,0.24656110230424919
567,0.7979614893537383
568,0.7568123714030235
569,0.7499578147381988
570,0.5921994568525708
571,0.5375149725161381
572,0.7600698059177707
573,0.5990812983638595
574,0.6781836273915784
575,0.7381170682413042
576,0.5826600770615156
577,0.28248008683702097
578,0.5443061040042142
579,0.6016267569720226
580,0.5133507561354607
581,0.35499181498074117
582,0.4338497262769611
583,0.5684038623511325
584,0.9094602241442822
585,0.3539914391128176
586,0.6162873544909732
587,0.18854692118964175
588,0.3964912842868677
589,0.21318505808868232
590,0.572637297373686
591,0.40411243283143844
592,0.6398400383298324
593,0.857797770712813
594,0.530563891960196
595,0.6009018364905312
596,0.7016606972888457
597,0.5056695320319071
598,0.6276703281657106
599,0.88679817500913
600,0.8220823913583255
601,0.31953579371556506
602,0.4384885439101536
603,0.45025182476349596
604,0.6680935777092724
605,0.45639889873959044
606,0.5204611522864383
607,0.8863344673939961
608,0.4788728097228882
609,0.5378838249507644
610,0.47618571755578093
611,0.30546985281708144
612,0.5428323300586524
613,0.804258584308214
614,0.27318530262510965
615,0.6870995451886274
616,0.7018043440018714
617,0.2163165460775376
618,0.43089375573040484
619,0.5265098415873566
620,0.2773831612817799
621,0.4173233751693057
622,0.42803079206201733
623,0.5930641700228585
624,0.6137300177399283
625,0.5854211299295567
626,0.30786182589654865
627,0.5543091599535603
628,0.6753928402679493
629,0.6764389818746207
630,0.6978656932077638
631,0.6982697545983034
632,0.6570661837388826
633,0.5964396842685377
634,0.28830798516166334
635,0.49079024490242207
636,0.585830480233122
637,0.36614617082826273
638,0.30128724701599124
639,0.9880896626777752
640,0.6946012715738037
641,0.8392838975262951
642,0.43221551649840534
643,0.13432079518993592
644,0.8420552325796303
645,0.6913440121399811
646,0.7634791155233301
647,0.7520457321289512
648,0.3434245721458489
649,0.958052996814624
650,0.31976156758870716
651,0.41656391266971243
652,0.8436154540133188
653,0.9383014681239235
654,0.6564110702362506
655,0.803941679587983
656,0.36641178323515816
657,0.6057787613553423
658,0.7955566851298306
659,0.8502903056336003
660,0.5994994349159922
661,0.411116846465734
662,0.8234815109588213
663,0.422136372566199
664,0.618751835492948
665,0.6687095851248898
666,0.22531938053615083
667,0.5260888470556192
668,0.6641282422286646
669,0.24072507443046076
670,0.4797010168494367
671,0.7064792974591244
672,0.73680606448622
673,0.8590825582116616
674,0.3712882788078357
675,0.789497755779612
676,0.6362531568948507
677,0.04738402566018072
678,0.9667137747674623
679,0.36542227818173323
680,0.8071674885130197
681,0.6008711192461528
682,0.5087676556374326
683,0.8899843331514342
684,0.808777515844615
685,0.9597111992395192
686,0.5005566235903426
687,0.933933603106793
688,0.3788098309156333
689,0.1495255646340435
690,0.7164673093726204
691,0.4708918397775326
692,0.6957316168852404
693,0.4108028510073428
694,0.6891230245801503
695,0.547175673285659
696,0.38920672294118797
697,0.6777418875807476
698,0.7986763236883638
699,0.9460988181236123
700,0.8968108194383702
701,0.36815481293916114
702,0.47405995046839505
703,0.7406610550761331
704,0.5046172559041743
705,0.26037280882438785
706,0.7275576727434971
707,0.8703057851283417
708,0.6051178077327424
709,0.631754217443619
710,0.8240359494030486
711,0.8849259193254061
712,0.3460999406458949
713,0.6524663801859449
714,0.6101414599509446
715,0.2525724351615681
716,0.24065376673759514
717,0.32381172641948575
718,0.19452810620273642
719,0.757674581661512
720,0.46605000118842066
721,0.6246773689213272
722,0.11952787871866964
723,0.20371464313397122
724,0.4426739545444309
725,0.8223442161559513
726,0.6835528940402468
727,0.9007880541530499
728,0.5677764899478751
729,0.43822577928506307
730,0.7269047740384327
731,0.49860675294357176
732,0.6227139997533594
733,0.8826641094917451
734,0.39792587261753815
735,0.7061213658445809
736,0.6730068218008717
737,0.4654749874867231
738,0.8417664539096965
739,0.9585960919687804
740,0.9289565500478322
741,0.7134198561501249
742,0.4108342632984089
743,0.9494661556240586
744,0.9297869479518014
745,0.5500562034598742
746,0.2765123970118403
747,0.5520837383310859
748,0.8737236693237672
749,0.6973239193983174
750,0.41983637056510575
751,0.7411609101426525
752,0.6305391017664275
753,0.3481745913592381
754,0.6997842644340194
755,0.520182155921035
756,0.26336429171791653
757,0.3409124929695984
758,0.48172743448739686
759,0.1919225797276611
760,0.9087547724980662
761,0.6228438117245897
762,0.35142962830715735
763,0.30420406244052384
764,0.6939500206976548
765,0.5115153871714766
766,0.45171769515076937
767,0.6165452860404441
768,0.4257407799780665
769,0.7598408723096558
770,0.8753144301714924
771,0.4395861517084452
772,0.8808020774005623
773,0.5292530538753
774,0.20042633715575414
775,0.671472568573951
776,0.6596043693720898
777,0.4648488308372377
778,0.598118527457467
779,0.530563891960196
780,0.8965447380843369
781,0.4026131253243065
782,0.702567545375823
783,0.06487804227331498
784,0.4839615381703359
785,0.8268255867787951
786,0.3485683729761526
787,0.8601101876438886
788,0.3489446763049971
789,0.39003348387718234
790,0.5287609246454154
791,0.9277478463144808
792,0.2926224387858311
793,0.7915900059650607
794,0.5794324005905424
795,0.2831346278893429
796,0.22769055820855036
797,0.46958015788472485
798,0.5630206978998564
799,0.8036166757665323
800,0.9152224453817963
801,0.28006484054577385
802,0.6791503239432414
803,0.5236607150586404
804,0.5415508642703769
805,0.514719006196409
806,0.5809986358244207
807,0.35544588494722995
808,0.8320769847831112
809,0.4992832337949455
810,0.4106000530218523
811,0.7954313229719427
812,0.26683892679383403
813,0.25310502473805097
814,0.4000084641869211
815,0.8026564727347572
816,0.8470719450245102
817,0.7500008739817761
818,0.7131782702663209
819,0.3546683918264503
820,0.3504479895939222
821,0.8229134143131523
822,0.6801839399736034
823,0.8829079301746946
824,0.8546774446760965
825,0.5933324351185251
826,0.8720256159921649
827,0.7351942089513944
828,0.6658193872606942
829,0.8660700424947223
830,0.20815126610180165
831,0.21705980686036505
832,0.5051207440905441
833,0.32878555516845664
834,0.24921277775732983
835,0.6133503197398348
836,0.6601945566509237
837,0.9471033104659788
838,0.9162882390764762
839,0.9353635708412879
840,0.6221115317838302
841,0.5016187143133465
842,0.9102937229851754
843,0.5438305312122782
844,0.6545375743548101
845,0.7067476541203498
846,0.6572269365642027
847,0.4271839219394736
848,0.501496368056728
849,0.39132996559085287
850,0.9087732199088826
851,0.6147753102272765
852,0.5985181552809733
853,0.8177404907324464
854,0.31880557196681236
855,0.7487327680204334
856,0.9096810843602687
857,0.6134528232733776
858,0.7563512420730464
859,0.41107883469635925
860,0.43399709542355225
861,0.7205829951909511
862,0.824339476162386
863,0.4561580063734827
864,0.7078195162105779
865,0.6675672484602516
866,0.4367037912316501
867,0.24550989130846257
868,0.4715052435039192
869,0.34485466519335695
870,0.5433761194086344
871,0.3385247818435919
872,0.7231568364446836
873,0.22510721041367984
874,0.358344241897809
875,0.8290301922285211
876,0.31131069536485356
877,0.40798855775049403
878,0.8275070009689025
879,0.5436611783449883
880,0.9408497926638584
881,0.3938436027536186
882,0.6988622627947119
883,0.8586330798358099
884,0.2709902795129057
885,0.4162693321791439
886,0.7625653505497685
887,0.8293499408294948
888,0.5659277370290546
889,0.878683276522122
890,0.8882303202549883
891,0.7096068701435929
892,0.4833545832924623
893,0.7793591309220702
894,0.6503855990167151
895,0.3415652000420199
896,0.5365504388903254
897,0.302133339185959
898,0.2066193821874882
899,0.10647014286344927
900,0.2281211763463671
901,0.3654722264254884
902,0.8662514635598615
903,0.9532675282065164
904,0.6845125446318726
905,0.7227076845301899
906,0.7944642210369829
907,0.5307563886939701
908,0.3181696998524839
909,0.9479673758499494
910,0.5055608498174243
911,0.45704798940314484
912,0.6511518640082318
913,0.8155964110898134
914,0.9078297021183892
915,0.681293061120745
916,0.4955390846426417
917,0.803406591506208
918,0.5393901543872017
919,0.49530805739910727
920,0.6488768070910838
921,0.3576393310990123
922,0.3790188095690663
923,0.631643266488973
924,0.42804813482593895
925,0.8906790030464724
926,0.8004574582329507
927,0.7008468308364485
928,0.5072296964569522
929,0.5392651408889396
930,0.8978517684878143
931,0.909345848791892
932,0.22223746167129246
933,0.42126100422168067
934,0.5406479978415385
935,0.3564213551242264
936,0.5461168394344491
937,0.7715378496113491
938,0.5819725481533691
939,0.45092585319785555
940,0.598992091295713
941,0.13039984381120076
942,0.5332405711099208
943,0.4143396453771763
944,0.44254110542170194
945,0.6270049496461692
946,0.29799784170809995
947,0.27257863253154024
948,0.8184487952917979
949,0.9724297126958337
950,0.46075973158260225
951,0.726943017662188
952,0.1742610263761989
953,0.767988677757703
954,0.8546947262087005
955,0.2715463722659156
956,0.9755334577307384
957,0.24702028275982188
958,0.7523378704968634
959,0.6784754099541483
960,0.5119917943878932
961,0.7202366172982995
962,0.6990519451930934
963,0.5283466630498259
964,0.4886696913992945
965,0.5351357994768162
966,0.6105740621876603
967,0.4697675093534675
968,0.5002049360896503
969,0.48311070292036185
970,0.1324169325378779
971,0.6471268164413356
972,0.5735788464367894
973,0.3903738357114109
974,0.4966242797074765
975,0.6005043222923059
976,0.40999494536002945
977,0.46364087779438967
978,0.8622328158979914
979,0.7884837657336409
980,0.565441518533523
981,0.43178562296498335
982,0.8685959787571252
983,0.6806870795232414
984,0.5379300351599468
985,0.9092899706359914
986,0.7860384045726166
987,0.8470358328167567
988,0.4943181030186192
989,0.8939138227824044
990,0.2577839206313976
991,0.780701055150688
992,0.41909101761470446
993,0.7340877665555393
994,0.7191250856511193
995,0.7830875238039903
996,0.7211264578068705
997,0.5584307426630861
998,0.12612811209009805
999,0.4926072866788163
1000,0.8033426676076103
1001,0.2758693136262334
1002,0.425927682572894
1003,0.7001152097348478
1004,0.7716068726559997
1005,0.9478716658280909
1006,0.7605001848598272
1007,0.830488257528798
1008,0.6782457684245633
1009,0.8372916517678498
1010,0.2927408504018096
1011,0.5548545229544048
1012,0.5388306516164144
1013,0.5834300138131777
1014,0.8454960658496341
1015,0.15347062279434315
1016,0.9116011288432364
1017,0.409400385432889
1018,0.268848852764547
1019,0.3835822457307104
1020,0.20421392401841995
1021,0.4601606093019071
1022,0.5610278071043163
1023,0.47708317298642866
1024,0.3073619483353073
1025,0.7592221555932858
1026,0.4679142343720371
1027,0.8397278056405336
1028,0.8350728607641551
1029,0.8709734493283182
1030,0.5075535258152256
1031,0.5525473387351825
1032,0.3372363725677235
1033,0.5757578486393249
1034,0.46232815423217494
1035,0.6308079030379519
1036,0.8737095323822834
1037,0.8651893671228541
1038,0.4564952511683389
1039,0.5167940765500889
1040,0.8480479540581284
1041,0.5568502199275057
1042,0.7690961075642777
1043,0.9060900415128726
1044,0.9110166445512807
1045,0.9456537243684904
1046,0.8833922774424722
1047,0.5087098984203178
1048,0.5193926347318844
1049,0.38677218523096896
1050,0.318760005239209
1051,0.64276424872713
1052,0.25316271740007773
1053,0.33699188866739027
1054,0.8183912853482743
1055,0.6375850984351253
1056,0.22734898696353498
1057,0.13313064115138032
1058,0.6461092885104192
1059,0.9470878338537156
1060,0.6614551558086936
1061,0.40171020815624214
1062,0.880696624715431
1063,0.9135419654487478
1064,0.2602171503276571
1065,0.8500909490522636
1066,0.1958780087932506
1067,0.5464530834214928
1068,0.7734762381403573
1069,0.7727625082394158
1070,0.8754595008305666
1071,0.31059000489793287
1072,0.23410486316190918
1073,0.3061369807318638
1074,0.5621887179546653
1075,0.6235805109180812
1076,0.8094694462119904
1077,0.4716459695371702
1078,0.3239613600338644
1079,0.44298057588294837
1080,0.9722511709755015
1081,0.49490264198725503
1082,0.8171199662333399
1083,0.36695312959194676
1084,0.16765323325137846
1085,0.9063931316067194
1086,0.9380831695918915
1087,0.27249195852384384
1088,0.43441572757587926
1089,0.7550125369976838
1090,0.8291000613085481
1091,0.8224207961562521
1092,0.8876813900326838
1093,0.6893820637280016
1094,0.9142108331001669
1095,0.6784146658866335
1096,0.49390012350926854
1097,0.6343310263648367
1098,0.5114513535691386
1099,0.49591860051039793
1100,0.8515737670344472
1101,0.5137889036745709
1102,0.49422529133594767
1103,0.4243603324908975
1104,0.4810100048287769
1105,0.8064854910412638
1106,0.3883048484225403
1107,0.907217732208786
1108,0.9098438623523137
1109,0.6229895455634585
1110,0.7375642535510162
1111,0.6283530495769142
1112,0.8007071046382201
1113,0.9508012641329087
1114,0.6908888750713835
1115,0.21234663630410433
1116,0.3983170450669895
1117,0.690443248125806
1118,0.7523710201544319
1119,0.7058286728525028
1120,0.7195744835982094
1121,0.4669160898839073
1122,0.3215464558725361
1123,0.8575568146072539
1124,0.3804045626988315
1125,0.5371162434886024
1126,0.3425271956225768
1127,0.8154354704414984
1128,0.8575984431079621
1129,0.8464148113356865
1130,0.473917746016506
1131,0.9755334577307384
1132,0.25430016158682855
1133,0.883543313300244
1134,0.3945498204902053
1135,0.9618454426961507
1136,0.6517290205131815
1137,0.39217642803098257
1138,0.8194624247830004
1139,0.2543378203683743
1140,0.5631487957149923
1141,0.8369578167868906
1142,0.8716472340019824
1143,0.28224587403492224
1144,0.4095239874304441
1145,0.5415627934423908
1146,0.5526911728917804
1147,0.20554396246524897
1148,0.25495580367444304
1149,0.838310429185896
1150,0.5451842678165567
1151,0.46516739792493644
1152,0.7798806004242128
1153,0.9281399885620659
1154,0.22940032237277808
1155,0.737788970008934
1156,0.8552516335954435
1157,0.8607802907533615
1158,0.7072750289903408
1159,0.38376422640754965
1160,0.6737514160570709
1161,0.8481758304985567
1162,0.23572348630467768
1163,0.8831333163294838
1164,0.6355472981132754
1165,0.2995550754733237
1166,0.4580284520818452
1167,0.4690674633345489
1168,0.5152511872218556
1169,0.6135708988074031
1170,0.2858432307367798
1171,0.8756604482830583
1172,0.7541913812299323
1173,0.24988496934144963
1174,0.5631363832221814
1175,0.6209020264010935
1176,0.6096099991648579
1177,0.7849119686418685
1178,0.3619054904284464
1179,0.7490902702671823
1180,0.3578805558386304
1181,0.5117655428990735
1182,0.47546540413931226
1183,0.7288880703313093
1184,0.5835838607796802
1185,0.4239119375455668
1186,0.29680005706906065
1187,0.8356864348057443
1188,0.9356573363285509
1189,0.37657169470312485
1190,0.5144992118246158
1191,0.8246042526861753
1192,0.17919212389638067
1193,0.861634015403371
1194,0.898428937369034
1195,0.9755334577307384
1196,0.4692030597419888
1197,0.6060393986478759
1198,0.41014791134313827
1199,0.398025028634903
1200,0.8847461517062122
1201,0.9725113755173244
1202,0.30386005818858697
1203,0.7550773074159371
1204,0.3331624428246251
1205,0.6068838800315798
1206,0.740623627204357
1207,0.5845250488619996
1208,0.3551334850772131
1209,0.4189861636794905
1210,0.7825770913876183
1211,0.5018035721967694
1212,0.9215390297973434
1213,0.3457087723542802
1214,0.8570867704260721
1215,0.7845377015109527
1216,0.956389276204748
1217,0.4953670443173035
1218,0.2132432218115721
1219,0.5245833588489739
1220,0.6126897409861399
1221,0.5713691373880383
1222,0.8571453248843605
1223,0.40967333383861665
1224,0.7139371955169328
1225,0.2656078146875284
1226,0.24568685716594157
1227,0.297172552355029
1228,0.6313022097401617
1229,0.03789082881443068
1230,0.38649469242728046
1231,0.6135390646098318
1232,0.702148560397084
1233,0.7191226099537574
1234,0.8501767533341745
1235,0.9214556425643177
1236,0.9029439538293321
1237,0.9444784677410561
1238,0.8763941359807281
1239,0.8825103622293738
1240,0.2984429440560569
1241,0.9128089577002687
1242,0.24287066640227345
1243,0.4446969044581413
1244,0.1899663473293064
1245,0.9172094190772986
1246,0.4578595566563168
1247,0.19324930028034965
1248,0.2741994178959308
1249,0.669812788274865
1250,0.5304673122612459
1251,0.6073008678605463
1252,0.8563943580843323
1253,0.9587517972681916
1254,0.5035044206480768
1255,0.6850325314648824
1256,0.2854481083803807
1257,0.6372526039228412
1258,0.555338653946363
1259,0.19160686979271918
1260,0.6885128168432414
1261,0.5124889732165692
1262,0.9628629379718148
1263,0.29241407411341025
1264,0.8003127018413236
1265,0.310613230445258
1266,0.6418382952720748
1267,0.5239592646860475
1268,0.5433107938597906
1269,0.7094496429450194
1270,0.544349390724308
1271,0.28698478739330324
1272,0.343294652567834
1273,0.3801255214001715
1274,0.6522066513392599
1275,0.7421107043851117
1276,0.35725704941138936
1277,0.88679817500913
1278,0.8675138554186852
1279,0.4020872833529326
1280,0.7061481822807039
1281,0.8181190118008468
1282,0.5775837787982782
1283,0.5520559571380742
1284,0.8818614443785454
1285,0.7349402618458641
1286,0.9343677730054766
1287,0.5809414562090026
1288,0.2667629192642907
1289,0.3694554916078419
1290,0.7926418351700738
1291,0.2969307645195854
1292,0.7807640831457426
1293,0.6741463806229728
1294,0.632333626857112
1295,0.8695735970248823
1296,0.5126509565414991
1297,0.4416538972091663
1298,0.7383453838748233
1299,0.3555251080359043
1300,0.23401865127709492
1301,0.7200313760598497
1302,0.3067566008357696
1303,0.9482914554090064
1304,0.7601863617090805
1305,0.7705484305956557
1306,0.5988052810800746
1307,0.8427976033780329
1308,0.48568184326142894
1309,0.5746018725487049
1310,0.5755355238839178
1311,0.5275095135179254
1312,0.7731847198278826
1313,0.9318437253461814
1314,0.9506094755708582
1315,0.6355129565179881
1316,0.4815240676777009
1317,0.9417070288918342
1318,0.8819568812482498
1319,0.4907872859658378
1320,0.5288471640761616
1321,0.4395678002734239
1322,0.5995177296931122
1323,0.47749537850306106
1324,0.5732603754808069
1325,0.22790084926768125
1326,0.7770633882836191
1327,0.5923010813379895
1328,0.21863173887242834
1329,0.5892937385313823
1330,0.8440621379005174
1331,0.767714810475042
1332,0.4889254347468457
1333,0.5805302183388925
1334,0.9755334577307384
1335,0.7657829771136638
1336,0.2457427427765967
1337,0.8126258764262752
1338,0.3729345793312806
1339,0.826965569960256
1340,0.871888437175167
1341,0.1730495980967166
1342,0.9164929886393736
1343,0.38135117536720026
1344,0.9091283033199294
1345,0.28377965220254847
1346,0.34801494873352035
1347,0.363816017800598
1348,0.4100348747127912
1349,0.5169114476066817
1350,0.7140237925168095
1351,0.6023219609395165
1352,0.40252475354133166
1353,0.4545478963768183
1354,0.7532079715630815
1355,0.24859833997869077
1356,0.48812010520181615
1357,0.41641098972145385
1358,0.7355559120560053
1359,0.8215255554001756
1360,0.3526605234440674
1361,0.17414062511267747
1362,0.35713835869872307
1363,0.5240038230106057
1364,0.4014441057804526
1365,0.3093593363709841
1366,0.9448387465621157
1367,0.4920143440791136
1368,0.9213215497280396
1369,0.470954936517398
1370,0.9556460896668362
1371,0.47565464488887926
1372,0.8311387452394322
1373,0.720058734466042
1374,0.371190570006812
1375,0.8184431283229716
1376,0.8621588216540061
1377,0.8203131780464715
1378,0.10521752308129709
1379,0.5492138355129494
1380,0.8192466766739794
1381,0.43813637667948196
1382,0.5283417481847184
1383,0.16124117885291586
1384,0.2785944120917651
1385,0.8144629205873268
1386,0.8109494974516126
1387,0.8753466441623349
1388,0.60258728187356
1389,0.7264137592708307
1390,0.2602805141643091
1391,0.8339708160798549
1392,0.697274891292076
1393,0.352543678761602
1394,0.7072109245709491
1395,0.9411784735496812
1396,0.8167121310930864
1397,0.5558438253337759
1398,0.9368791307385322
1399,0.4841297652502981
1400,0.775111271205455
1401,0.29555837156788145
1402,0.6120403579240009
1403,0.9425566548125319
1404,0.6436566360332763
1405,0.3269224201758996
1406,0.4720863073948763
1407,0.6229895455634585
1408,0.7412799330250207
1409,0.30049403208551323
1410,0.4044782830013607
1411,0.7598438888755152
1412,0.8789756490356226
1413,0.30733466100595025
1414,0.34322248820832935
1415,0.260089314944922
1416,0.40264225079511823
1417,0.6482590075848439
1418,0.7272354258650069
1419,0.7427122119162016
1420,0.6427623124159584
1421,0.29245280331389756
1422,0.530563891960196
1423,0.22062937619898523
1424,0.6981668808398207
1425,0.9136878156672811
1426,0.20594387462620417
1427,0.8440956586810232
1428,0.36414871245354513
1429,0.3729229416453073
1430,0.2515482137765741
1431,0.8958585075689499
1432,0.34221347845403594
1433,0.6366945656478087
1434,0.6172766383892475
1435,0.18384622141366308
1436,0.3826366610474415
1437,0.33964252200769157
1438,0.5834728863788007
1439,0.4269116271457062
1440,0.46845798886682594
1441,0.9447379129806753
1442,0.29080865518939714
1443,0.3871256033984199
1444,0.37018502447336127
1445,0.47406113530896526
1446,0.8433673862102194
1447,0.9408751272701781
1448,0.4194713837693532
1449,0.5739529781306797
1450,0.39590015478101315
1451,0.858752293174331
1452,0.4861541937255516
1453,0.38815338185383236
1454,0.6334480117649778
1455,0.26193059384571254
1456,0.4935386201655549
1457,0.7247461562221686
1458,0.911963418716933
1459,0.4455852435859656
1460,0.3560871405706957
1461,0.6253956541342934
1462,0.7770608411249325
1463,0.39155045843362607
1464,0.4081070737710427
1465,0.7927928077621429
1466,0.7899326117099462
1467,0.8881640692481814
1468,0.8185346984962504
1469,0.44543239149579483
1470,0.861118573717817
1471,0.8088877587424946
1472,0.7871200421495118
1473,0.4195193649514157
1474,0.9306751482898244
1475,0.49601382967654045
1476,0.8163709884490373
1477,0.35380573111758695
1478,0.37871954786879924
1479,0.862172451912922
1480,0.9689759566155937
1481,0.3450059253443028
1482,0.9886350448766484
1483,0.646810967826467
1484,0.6009349078958176
1485,0.8472636357575146
1486,0.5376721619216586
1487,0.40364725584118494
1488,0.8877324248040116
1489,0.5331662176219467
1490,0.38799952950627176
1491,0.6728222531230769
1492,0.8688551360669189
1493,0.8643641528662449
1494,0.8349888798624996
1495,0.599535533708532
1496,0.2849790756629172
1497,0.9358249284898312
1498,0.5372937005169486
1499,0.4276032765729634
1500,0.6671915714956208
1501,0.7998836517190644
1502,0.40561946658127335
1503,0.6979520410778578
1504,0.7761066739419161
1505,0.6879434248219505
1506,0.6390939156860681
1507,0.5314727938584517
1508,0.026255595361118152
1509,0.8002310752583662
1510,0.4630816669450731
1511,0.30393346499093943
1512,0.14012314021823213
1513,0.5715810691520522
1514,0.5022197154467067
1515,0.31973669888159145
1516,0.11726321069118117
1517,0.14073524820606517
1518,0.6773200032240703
1519,0.8536339920355803
1520,0.2032718839300153
1521,0.8586654298946751
1522,0.34059593860824616
1523,0.5107992576234089
1524,0.5625130286599057
1525,0.6997197989435083
1526,0.966648850932574
1527,0.6030068591632066
1528,0.8496030617967929
1529,0.7181793545946699
1530,0.7423921185318899
1531,0.47485232504441205
1532,0.4690834062442087
1533,0.7577696488714627
1534,0.49782222043365165
1535,0.3197843367878411
1536,0.33961936954787075
1537,0.6701356197481173
1538,0.16124287036555934
1539,0.6304064008182617
1540,0.7976954744414099
1541,0.4251651526154888
1542,0.6004477395337333
1543,0.3697452808359885
1544,0.3452215060041107
1545,0.5137486069590468
1546,0.2908354590608748
1547,0.4045144012037733
1548,0.5858485259627674
1549,0.5002680960908436
1550,0.6376106692244957
1551,0.36300922785883905
1552,0.8744983546463224
1553,0.7378230672879761
1554,0.32577225566582185
1555,0.9713103126658613
1556,0.8894091561445707
1557,0.4992497204673281
1558,0.7015534113094307
1559,0.29126597633662177
1560,0.3344508754611078
1561,0.9819022971459859
1562,0.7497603366538738
1563,0.4582449148353775
1564,0.5797796269813899
1565,0.332953254926192
1566,0.39358452110759773
1567,0.4622108168596722
1568,0.9240854874819051
1569,0.376113203009288
1570,0.8518687951866255
1571,0.8857798047146983
1572,0.3951493253331294
1573,0.2127042291299242
1574,0.67661116099678
1575,0.6854122031241946
1576,0.7318247835932898
1577,0.9165983107983178
1578,0.5464547464757182
1579,0.787689406137405
1580,0.754444077277416
1581,0.5092141832392321
1582,0.7446361320633762
1583,0.9452070695215317
1584,0.4105613267632355
1585,0.5995283032165303
1586,0.4959324177245666
1587,0.5008076115693605
1588,0.657644774055939
1589,0.4507758517321325
1590,0.4907884857758294
1591,0.18327239692241498
1592,0.7177024208758386
1593,0.36568875983713295
1594,0.3636900245152796
1595,0.469905653534361
1596,0.8135334320697326
1597,0.5405600682329611
1598,0.3860945755789675
1599,0.5355332791010631
1600,0.7676975806850272
1601,0.7050420592988416
1602,0.8881462742098407
1603,0.6164694423435724
1604,0.5296742723174489
1605,0.6458785615113344
1606,0.24688096435335452
1607,0.3310445686064097
1608,0.6718691191822455
1609,0.5606064979395793
1610,0.7044382807318701
1611,0.6353265647103025
1612,0.360077079222115
1613,0.4394472929031076
1614,0.3397589670449127
1615,0.6333087252646759
1616,0.6256051944084294
1617,0.5837700047491314
1618,0.5253326489116807
1619,0.9166198052151459
1620,0.9150880643774076
1621,0.34147235977411355
1622,0.31281446303136984
1623,0.5583562265025741
1624,0.4528076493786918
1625,0.7185749799020682
1626,0.9083237027336559
1627,0.2647160013531812
1628,0.7664256700950062
1629,0.44639855027608605
1630,0.5444804041924609
1631,0.8210062762498942
1632,0.6226383495374881
1633,0.9153018209063252
1634,0.9383014681239235
1635,0.6307962628661045
1636,0.9590721178771491
1637,0.6572778353620966
1638,0.8065040426599825
1639,0.4389447942694203
1640,0.24931592800597743
1641,0.5028847927448126
1642,0.35821041634567097
1643,0.314024838661223
1644,0.3163285884369224
1645,0.6861272072032121
1646,0.11773582714371612
1647,0.318669776915052
1648,0.5961718092700261
1649,0.42737346001799137
1650,0.4798271140073742
1651,0.48863388565028065
1652,0.7223653584002828
1653,0.4279694014414012
1654,0.27236576611493163
1655,0.548378716078974
1656,0.5057859887745703
1657,0.5598870967517118
1658,0.6924456598264073
1659,0.5429058601628751
1660,0.6890830166053745
1661,0.9155719315822164
1662,0.8409894879835975
1663,0.6296491509662937
1664,0.5497755855795714
1665,0.8215317968199252
1666,0.6583695853198592
1667,0.18636392379744643
1668,0.4548172200006825
1669,0.7351135472071154
1670,0.8802991686051892
1671,0.32781912375116773
1672,0.6422381664167696
1673,0.41619915835088983
1674,0.8979528102778299
1675,0.8742720830780676
1676,0.9057120077695037
1677,0.9817027663475328
1678,0.8808328912090174
1679,0.8267118652628267
1680,0.8135362246824962
1681,0.7851670270633588
1682,0.9600797905831008
1683,0.6356790853714938
1684,0.37205081417839647
1685,0.4724898280426612
1686,0.29527494957242767
1687,0.4212449181011981
1688,0.35752019832938664
1689,0.533244981370497
1690,0.3100002917068476
1691,0.3353033524703377
1692,0.25959732668732843
1693,0.39672827268339517
1694,0.34338470782644526
1695,0.2015685807557646
1696,0.8204691820700859
1697,0.45632680937642933
1698,0.7285642217182596
1699,0.4438702140268499
1700,0.8255312860941458
1701,0.5192268786451951
1702,0.41285311841886796
1703,0.7800065160735851
1704,0.5727836541930321
1705,0.11388535207090278
1706,0.26679984112205735
1707,0.9220854445574568
1708,0.5707329363260402
1709,0.5887691950181405
1710,0.5183688297699623
1711,0.45344772102456615
1712,0.3432113604925823
1713,0.44601157005987707
1714,0.6983486015724903
1715,0.39122786718869607
1716,0.1791208741837706
1717,0.6595368932031425
1718,0.8801619009485658
1719,0.2221091264810819
1720,0.6069626703711642
1721,0.437142385515136
1722,0.7203393095080207
1723,0.3665534496002842
1724,0.8612511162677206
1725,0.8278234030513132
1726,0.5631807498446993
1727,0.7355149350307915
1728,0.64049157146203
1729,0.3109515006859632
1730,0.8415643528679797
1731,0.7870197380691648
1732,0.3290400030031898
1733,0.20543391123991075
1734,0.7866532455567471
1735,0.4568804110137312
1736,0.41883152714820127
1737,0.70869348918777
1738,0.49651332686221533
1739,0.29379594829794425
1740,0.34243012156642866
1741,0.920495665096227
1742,0.6215917091479527
1743,0.44146927749639814
1744,0.4931491467633377
1745,0.34724416813950615
1746,0.8379123463314712
1747,0.38942077474213666
1748,0.5793435446525129
1749,0.5585682178833699
1750,0.44811611319905836
1751,0.8877363914511619
1752,0.4476253709313951
1753,0.41605666895344123
1754,0.5407330440976278
1755,0.8137775205411971
1756,0.459023682620624
1757,0.7769017092018381
1758,0.7930344662717277
1759,0.41160419930451836
1760,0.8211835016637301
1761,0.7222465994265324
1762,0.46744362455595473
1763,0.2316094524532507
1764,0.28550930630007276
1765,0.4826823789891088
1766,0.8935361852656357
1767,0.3616113622457419
1768,0.7543518548295427
1769,0.6786258860693806
1770,0.530378595158472
1771,0.511928957191271
1772,0.720691341235842
1773,0.40397821982910936
1774,0.5162939418798862
1775,0.7979614893537383
1776,0.46909376549477705
1777,0.18070651783082084
1778,0.6594919662114895
1779,0.5133830184903013
1780,0.5607094626817829
1781,0.34092891153302757
1782,0.3822447890111858
1783,0.6700788048593957
1784,0.7314464249577664
1785,0.8923853843292077
1786,0.7748162625504458
1787,0.7342088624232768
1788,0.5021179748468848
1789,0.16828783678403583
1790,0.7879698110327177
1791,0.524954539792718
1792,0.36564505761741595
1793,0.780701055150688
1794,0.11422246023140237
1795,0.7742386173062226
1796,0.36903960487747334
1797,0.07218726167042025
1798,0.47414345987700746
1799,0.5128596399294376
1800,0.1055397102743371
1801,0.9032217674175191
1802,0.6487391586107233
1803,0.7474243886856766
1804,0.3825774603178593
1805,0.32142040175702835
1806,0.36230893206326
1807,0.5245178259526516
1808,0.21663092348142274
1809,0.4027804938806657
1810,0.2672729312797307
1811,0.41505678370119936
1812,0.7802376858906636
1813,0.530563891960196
1814,0.4387138341769688
1815,0.5024453771871555
1816,0.9223793550830608
1817,0.8927856522567291
1818,0.48924018676894426
1819,0.1365591608471376
1820,0.8221942307262792
1821,0.7453900047535577
1822,0.5509947715210575
1823,0.7691783801358616
1824,0.4263831778990409
1825,0.9718922157870383
1826,0.08251251867099577
1827,0.5635301572850211
1828,0.45986621804920913
1829,0.7797144619147034
1830,0.5883238970532629
1831,0.7826329518300786
1832,0.29509414113007937
1833,0.7022658614349054
1834,0.6762447869655341
1835,0.39684261199318416
1836,0.8150802003071582
1837,0.8089884817586458
1838,0.33034196887886513
1839,0.45838085813312857
1840,0.7422997701929978
1841,0.221666457930181
1842,0.3965097367666916
1843,0.6190700877777601
1844,0.5964463531988733
1845,0.36296954166890955
1846,0.3995398684018991
1847,0.7614560458849929
1848,0.6658531207376247
1849,0.47076832338209773
1850,0.7061481822807039
1851,0.7147953550390962
1852,0.6816622695114442
1853,0.8166258280544438
1854,0.45088048052046575
1855,0.7315812794256245
1856,0.4309122826406052
1857,0.6565464218380695
1858,0.6382474241819213
1859,0.8390297429557056
1860,0.6381326551614638
1861,0.5117320244836437
1862,0.6941289206004846
1863,0.5601637559688226
1864,0.37912000311005345
1865,0.10490605999427127
1866,0.8483279819240931
1867,0.8976880329620347
1868,0.35034830051350885
1869,0.940429493017436
1870,0.799089405166728
1871,0.6551384469531923
1872,0.25758022005244385
1873,0.731045127781995
1874,0.8237989218348662
1875,0.43803107476644026
1876,0.4062174539124714
1877,0.7043062356792598
1878,0.5815257119040349
1879,0.6873157057906636
1880,0.8750869739017019
1881,0.7643831900159243
1882,0.37957806716902115
1883,0.8472962348635724
1884,0.3023933816337348
1885,0.39587315936115786
1886,0.3874346532983265
1887,0.3346691506201001
1888,0.799842485065918
1889,0.4264392781004059
1890,0.2630026892528633
1891,0.8485826778281144
1892,0.3299965404926671
1893,0.8122865205801514
1894,0.7263779833134245
1895,0.913759827164671
1896,0.551914976540623
1897,0.7196908239498144
1898,0.8860972802222582
1899,0.2832600358577765
1900,0.6885569387698319
1901,0.8610159694400626
1902,0.4516917993334933
1903,0.4619082018448884
1904,0.7224229326473207
1905,0.36433148455613934
1906,0.6647404715437123
1907,0.19711461355151347
1908,0.5736974889144248
1909,0.9198747615313152
1910,0.2902663741447847
1911,0.7316284590188186
1912,0.14012314021823213
1913,0.7313777552177997
1914,0.756004631903208
1915,0.4154459569530608
1916,0.3413016892257565
1917,0.8486763561579903
1918,0.5788892235115085
1919,0.3057681795563265
1920,0.47278092201873834
1921,0.4866757980509426
1922,0.2444614627748295
1923,0.35611626563307824
1924,0.6708591361125292
1925,0.3590519371274089
1926,0.2727726900210193
1927,0.8911007557250231
1928,0.5588614642798128
1929,0.40687479390087217
1930,0.2901415055975064
1931,0.537339986090203
1932,0.4202732211676674
1933,0.9417063125740369
1934,0.38293457602472764
1935,0.4168536236750409
1936,0.5370185925667594
1937,0.39482447815910904
1938,0.6484668608551495
1939,0.28651980213191885
1940,0.7475286918373786
1941,0.5026435160703038
1942,0.45583434084210245
1943,0.9039891009194686
1944,0.5799682948673146
1945,0.6454831688469141
1946,0.8214466927377692
1947,0.43261673173709353
1948,0.7199582809730424
1949,0.4884337618153782
1950,0.835941318816401
1951,0.5256885686767893
1952,0.4394439091180015
1953,0.5927313393383199
1954,0.450187869661569
1955,0.6383574418986309
1956,0.6551402888617469
1957,0.6954718726724538
1958,0.6860560747999497
1959,0.39824532088523884
1960,0.4332439813028707
1961,0.8744278123352303
1962,0.8382356703160591
1963,0.25658398171039587
1964,0.5543229936583649
1965,0.7641327210065529
1966,0.32161217537634135
1967,0.3791634332919287
1968,0.26280008063477
1969,0.3229049776127716
1970,0.629909480980287
1971,0.8595992836696887
1972,0.6624801325598889
1973,0.821286147513246
1974,0.562254519780056
1975,0.1865604684146783
1976,0.253135749466867
1977,0.5995888412748416
1978,0.2640688512836525
1979,0.30211807392948015
1980,0.4976335174336433
1981,0.9327071668355629
1982,0.6516838745225768
1983,0.3111651335289666
1984,0.45834061375276836
1985,0.3668900920173492
1986,0.7744081089244157
1987,0.7155937997193487
1988,0.4299959450368419
1989,0.8537099411890327
1990,0.5237732242092928
1991,0.6701554271121399
1992,0.76645772677114
1993,0.5778898350015651
1994,0.09454149324478041
1995,0.37987237764501064
1996,0.8333069137714311
1997,0.5447818169708729
1998,0.8970387403599175
1999,0.6548530907539056
2000,0.4073810092676792
2001,0.9112724618173446
2002,0.5934682662102011
2003,0.42089437441112315
2004,0.947395283184405
2005,0.41200766465701094
2006,0.34901430957719715
2007,0.7682891788788656
2008,0.5831167191372456
2009,0.7540449629610841
2010,0.5097796474247902
2011,0.46500871853053277
2012,0.45469779967054524
2013,0.30095981610394584
2014,0.8556409769449795
2015,0.34880655602140376
2016,0.41825949664592094
2017,0.5034730640873835
2018,0.8882782737449069
2019,0.8203787087973542
2020,0.3286129106611172
2021,0.631708651827419
2022,0.7036652862459466
2023,0.4088217936780956
2024,0.36280124459932117
2025,0.8725257707799379
2026,0.7636390400574348
2027,0.41541562584003944
2028,0.22521383211448365
2029,0.44399375791219925
2030,0.8250275673188474
2031,0.6012529847333967
2032,0.6221310344277068
2033,0.9466975364866871
2034,0.3872248287920377
2035,0.7052762981847946
2036,0.8721306738721537
2037,0.8924482541230501
2038,0.8379123463314712
2039,0.8536329543653558
2040,0.8184487952917979
2041,0.6955258882812905
2042,0.8624431552910105
2043,0.5566333808680155
2044,0.25895819545577925
2045,0.3477204072848291
2046,0.3980302006199977
2047,0.4936792949479864
2048,0.7997872609505923
2049,0.19829963993697697
2050,0.5788171598897349
2051,0.9174996597938111
2052,0.2844809490190189
2053,0.29536138924879735
2054,0.38426557663432576
2055,0.6107098876892516
2056,0.4741259943452058
2057,0.21801964731659115
2058,0.43989178786115346
2059,0.2867855798645085
2060,0.8471820835004263
2061,0.7177816285272289
2062,0.1619487739617933
2063,0.524155765566885
2064,0.6756190044489592
2065,0.8587308517023083
2066,0.6503371126364894
2067,0.4133295460954049
2068,0.3060627605741883
2069,0.590027698984349
2070,0.6705510284327275
2071,0.6115913337312204
2072,0.6627432002394045
2073,0.8563982383585942
2074,0.3538299539224347
2075,0.4034017422930547
2076,0.8964684981556827
2077,0.8456212348156513
2078,0.40249121135044696
2079,0.3374457533493949
2080,0.6970531188574128
2081,0.8968181910125852
2082,0.5069196709744757
2083,0.6584708828782083
2084,0.3567454920856083
2085,0.780701055150688
2086,0.6488010158355768
2087,0.17236839969091985
2088,0.2793963425341057
2089,0.6801825350834075
2090,0.47918768170420856
2091,0.5540718029456535
2092,0.8165565033565124
2093,0.5353591896897263
2094,0.6605127270602197
2095,0.6879813775325413
2096,0.7449598629614234
2097,0.6119274283880962
2098,0.46851820386142573
2099,0.3126199366516448
2100,0.7697427612476927
2101,0.4432214244914519
2102,0.4314598016884575
2103,0.8911319747829456
2104,0.5006232755310033
2105,0.8723414534615188
2106,0.8403769283065341
2107,0.7426500232822029
2108,0.4649112635069199
2109,0.8780980491798054
2110,0.9515866706816898
2111,0.6255793613305684
2112,0.43933122827518867
2113,0.5137186007507489
2114,0.5347447922465736
2115,0.5532867071416869
2116,0.4096599536150101
2117,0.4521867029278073
2118,0.8275651407116715
2119,0.5926618635541328
2120,0.524125428001343
2121,0.942832308113585
2122,0.8909231293405655
2123,0.6282268765610212
2124,0.6786608978569878
2125,0.7865046731507158
2126,0.7827288976151652
2127,0.297316929141184
2128,0.38160041376801623
2129,0.8699262686047254
2130,0.9528902882158025
2131,0.28737274336068863
2132,0.7431617779522193
2133,0.5290226514144204
2134,0.7912846286787552
2135,0.2678972262201179
2136,0.6915931591526896
2137,0.497596554841435
2138,0.03964297169220159
2139,0.6743376028081497
2140,0.6387126391869559
2141,0.5217605250644557
2142,0.4904417036995124
2143,0.32342333443786025
2144,0.2792635041465401
2145,0.466415713802034
2146,0.8408492431692236
2147,0.8247226013342389
2148,0.7011792029798567
2149,0.668942724677634
2150,0.5880173138780003
2151,0.37850110827547195
2152,0.25446427692306284
2153,0.32677199812998425
2154,0.48139432088201445
2155,0.5452912203085318
2156,0.4237952369540102
2157,0.5112545617583452
2158,0.19151925044056983
2159,0.6190809706971659
2160,0.4105779814504224
2161,0.5885367856903825
2162,0.5940380481178041
2163,0.6126393991253006
2164,0.6643850427813739
2165,0.46953635906927377
2166,0.388822828493322
2167,0.4510278880245518
2168,0.573387755005952
2169,0.4441583159463671
2170,0.23187994905930184
2171,0.6652888500673064
2172,0.7657474063911841
2173,0.3532441155687389
2174,0.5909167473798881
2175,0.5219903931292879
2176,0.356800154870725
2177,0.25737384021571913
2178,0.7633629373068129
2179,0.261896641993032
2180,0.49654704482948003
2181,0.27932761699843556
2182,0.9598683021205712
2183,0.502144249597955
2184,0.7769663700149765
2185,0.35704426726827687
2186,0.888538459994038
2187,0.21563593735645045
2188,0.5481039307904727
2189,0.529830418473402
2190,0.5789947693908221
2191,0.7348513328625781
2192,0.8876076646477298
2193,0.8223746296384172
2194,0.9409676615960425
2195,0.2873961516982485
2196,0.8030396736203474
2197,0.3686983392359488
2198,0.913654615501043
2199,0.4988898227050314
2200,0.833514202509132
2201,0.5307460507662541
2202,0.8222564096889468
2203,0.37212204974500046
2204,0.29166959026533085
2205,0.6748880445326794
2206,0.27162465073286196
2207,0.8852641923758875
2208,0.5431980439585964
2209,0.4138084363503047
2210,0.8671146878076011
2211,0.6188827823334385
2212,0.7109916852733272
2213,0.5137889036745709
2214,0.5272795279759129
2215,0.4109976014372487
2216,0.7349716862297297
2217,0.5258263610816184
2218,0.7112772875257096
2219,0.5052985842079848
2220,0.850818265920459
2221,0.471014588187579
2222,0.6473255522783246
2223,0.8016374470330156
2224,0.6012003945230143
2225,0.8689968014310752
2226,0.6283452086612785
2227,0.4089084537277079
2228,0.10823769633941145
2229,0.4513243252086472
2230,0.6039576846398554
2231,0.4835893721651016
2232,0.348779259589694
2233,0.2805164281572743
2234,0.6571869147142922
2235,0.6013802708570469
2236,0.8598045300098546
2237,0.948646146125418
2238,0.6364267462504238
2239,0.3931900264620471
2240,0.27718851954613805
2241,0.7327935749879676
2242,0.6104560295705836
2243,0.6082345025011242
2244,0.4606874215039824
2245,0.6920373610328896
2246,0.23875942911555265
2247,0.36621169239342966
2248,0.3509039095368303
2249,0.5576898332703668
2250,0.4515591810734152
2251,0.650931513693328
2252,0.8253389681866184
2253,0.6069482247706678
2254,0.6890777143234526
2255,0.360077079222115
2256,0.9094345299829582
2257,0.3910920193645629
2258,0.5216740935861925
2259,0.663863171307304
2260,0.821573013468931
2261,0.29063944228203153
2262,0.530563891960196
2263,0.3200044847240218
2264,0.14420769964632557
2265,0.30089753814978143
2266,0.5273785149522943
2267,0.5245313604393012
2268,0.31520570604218756
2269,0.5185791256907565
2270,0.8173954600187695
2271,0.48782419182486403
2272,0.7244940400150454
2273,0.7072857322881253
2274,0.5042632778750059
2275,0.14592140101070833
2276,0.5697237122547317
2277,0.6846056749246678
2278,0.6915882881564159
2279,0.45810282518108403
2280,0.42463257469863985
2281,0.1966452190994535
2282,0.6967370606986655
2283,0.7154860889146176
2284,0.2838678613342956
2285,0.8119768304461416
2286,0.5647210727754318
2287,0.7610693187435064
2288,0.8572395206282933
2289,0.9405051852312677
2290,0.643253938896562
2291,0.44646320193206596
2292,0.6601350719660553
2293,0.9102581110907938
2294,0.6152332854070729
2295,0.23614627039941874
2296,0.5597393068463532
2297,0.053494751273927124
2298,0.4690515312179567
2299,0.38772464057647466
2300,0.9140421095065359
2301,0.3581483889223261
2302,0.37529967761672806
2303,0.35529314792569117
2304,0.33682532029171186
2305,0.25969247547030727
2306,0.3997550077196056
2307,0.7960789681895065
2308,0.8905001419245998
2309,0.6114775350741449
2310,0.31325760948508974
2311,0.7946623732628699
2312,0.29024796816616194
2313,0.4196908216474689
2314,0.5398944200458287
2315,0.8520676491626837
2316,0.5705916635211431
2317,0.4758957733150183
2318,0.6554770656452736
2319,0.019801616735853494
2320,0.8901117798621384
2321,0.36107662730052403
2322,0.848647542124373
2323,0.7656476276486696
2324,0.5305736810120304
2325,0.39380270823846986
2326,0.4609210241986521
2327,0.22279445159005193
2328,0.19788823997293245
2329,0.5145522291310771
2330,0.3167249180843353
2331,0.4783413880981347
2332,0.6634876836948838
2333,0.04341309547797027
2334,0.34835864129749605
2335,0.7271731517593112
2336,0.528650866747635
2337,0.31661493185476564
2338,0.719999983859492
2339,0.4725892317158533
2340,0.49592672825590517
2341,0.6750524823633989
2342,0.2903813911053998
2343,0.22687733574063965
2344,0.3414337203268183
2345,0.3058410742441034
2346,0.34136202213497524
2347,0.7268180906686027
2348,0.8698250902085272
2349,0.5607346436181205
2350,0.8588037674669022
2351,0.870460412820255
2352,0.6732648079916472
2353,0.9244683713227184
2354,0.2105694782087908
2355,0.9190025830740386
2356,0.39862603247290346
2357,0.7106322113607982
2358,0.9383014681239235
2359,0.8401768260793108
2360,0.4112689264109373
2361,0.23377402837702546
2362,0.3510325826436738
2363,0.8953318398370866
2364,0.8339388143380356
2365,0.14708659124472748
2366,0.4328875945823164
2367,0.6074076418236933
2368,0.6098991551471693
2369,0.8780649725842927
2370,0.6511427942422457
2371,0.40332086041611814
2372,0.5518626824276457
2373,0.4794873376463987
2374,0.9755334577307384
2375,0.07498053936842858
2376,0.5591951392102086
2377,0.3566070197622651
2378,0.7650835550805672
2379,0.8681406980958937
2380,0.40367836174441785
2381,0.8813306276847698
2382,0.39610667190907634
2383,0.43068908225766306
2384,0.14637904563913706
2385,0.40481227745343146
2386,0.46799732952013645
2387,0.83778797979872
2388,0.2897100950047341
2389,0.6509928852855764
2390,0.21496818261583556
2391,0.8833581486648381
2392,0.8360807657490118
2393,0.7342703143587898
2394,0.9593771551172814
2395,0.5739622808530617
2396,0.7046325290656719
2397,0.414776779023053
2398,0.6917496450876105
2399,0.6479683464110864
2400,0.2515177897493387
2401,0.6386002916103245
2402,0.47706487871788983
2403,0.3863890185632229
2404,0.8626486437301893
2405,0.8170141301194555
2406,0.8850948506767125
2407,0.48087298984142407
2408,0.8364139513079273
2409,0.8441831584708297
2410,0.19138039662703862
2411,0.8344715440024867
2412,0.6751109291212314
2413,0.34638101816731787
2414,0.8127141293682583
2415,0.8742121826925539
2416,0.24758300583407453
2417,0.9202056047710526
2418,0.32261998895713107
2419,0.3539182362284097
2420,0.12069451903223213
2421,0.849103339901327
2422,0.5850959871054818
2423,0.8448109519726468
2424,0.3392864092527527
2425,0.7453778469560263
2426,0.9661801440146103
2427,0.42116829198420913
2428,0.5505648470467356
2429,0.4002145470790479
2430,0.4853419684033314
2431,0.4750895500718829
2432,0.7939533654142654
2433,0.31248848804679724
2434,0.7209332466205209
2435,0.415350778928734
2436,0.27959562203145155
2437,0.4848781334625166
2438,0.9119014949673714
2439,0.6411283545062644
2440,0.4590480513693785
2441,0.548088334755248
2442,0.3739442057284364
2443,0.5837960752403325
2444,0.4363604971976162
2445,0.4258168543972336
2446,0.9485659204647208
2447,0.5869601860030482
2448,0.727494481861514
2449,0.8307008519752872
2450,0.8700532969526952
2451,0.6818384344040361
2452,0.86292662376031
2453,0.9052091815240285
2454,0.3407395239099484
2455,0.6255659646074533
2456,0.8262515516745641
2457,0.30333023900993766
2458,0.42923468618958144
2459,0.5750152641409924
2460,0.20758507530491083
2461,0.43749484634264707
2462,0.7287945784719243
2463,0.885101072311486
2464,0.3570773533246435
2465,0.42321697055218627
2466,0.7026153565838794
2467,0.5992548099279646
2468,0.5098784209877445
2469,0.5328018882154598
2470,0.04738402566018072
2471,0.7133091176164343
2472,0.8709551198962306
2473,0.04738402566018072
2474,0.2977568934899028
2475,0.9739021134016468
2476,0.68241625090035
2477,0.9087906206461445
2478,0.8009552704659824
2479,0.5595710943235432
2480,0.2572481861073303
2481,0.4413420926427249
2482,0.8067324429562942
2483,0.25824344276339944
2484,0.8614711445375856
2485,0.8180940623080895
2486,0.9379607879920165
2487,0.9331709548863918
2488,0.7887184534132895
2489,0.48665581685355397
2490,0.7330753893721108
2491,0.3859556407069445
2492,0.6941309693203372
2493,0.3963542688617634
2494,0.6740343914769511
2495,0.3250813609487725
2496,0.17779172015059352
2497,0.26134083220100235
2498,0.8435272409608835
2499,0.04738402566018072
2500,0.8551161780576082
2501,0.12090892952587114
2502,0.9605493670781071
2503,0.8480930455962545
2504,0.8382346439835577
2505,0.6100501872542026
2506,0.8325719942239721
2507,0.18107548854559175
2508,0.6867062695963492
2509,0.5882650394763309
2510,0.5315965221900185
2511,0.5208346518203067
2512,0.8485281181593588
2513,0.19385517289324308
2514,0.3782001860771979
2515,0.37525214286564973
2516,0.6120701376045802
2517,0.7874445265440013
2518,0.4084537107358688
2519,0.341192743618771
2520,0.2666355475291465
2521,0.3990368419099041
2522,0.5883741912294281
2523,0.7203160158500326
2524,0.8613946254799756
2525,0.5100069549183136
2526,0.3046716982231322
2527,0.9067180001945986
2528,0.5032888293508738
2529,0.5466987053563644
2530,0.2784755213859387
2531,0.4433705769455282
2532,0.4176670130114209
2533,0.9141219078877503
2534,0.38243739379045044
2535,0.49427893629478165
2536,0.36342022959207093
2537,0.6373083409971869
2538,0.6289004103928666
2539,0.3536832843420063
2540,0.828522112717253
2541,0.5440114171760116
2542,0.2998211859187485
2543,0.6926524435490531
2544,0.8342720571694957
2545,0.4538386773677576
2546,0.25543995065363256
2547,0.4964899189686781
2548,0.2824918380941128
2549,0.9300074547073878
2550,0.9007792360698554
2551,0.3972903166426724
2552,0.5808407322298899
2553,0.7697475642086363
2554,0.3697377426549189
2555,0.7819279132570488
2556,0.27113185938108864
2557,0.5639016705075384
2558,0.8997440759601768
2559,0.9044315892979256
2560,0.3237746398539976
2561,0.6203778939239554
2562,0.6644131055655064
2563,0.8370414168619228
2564,0.10897562927512006
2565,0.29842432885591524
2566,0.392318655526207
2567,0.4009931143268013
2568,0.5919783175972152
2569,0.7578500625695475
2570,0.15071204137973182
2571,0.7115801462677845
2572,0.7610062148223598
2573,0.3934256441179825
2574,0.5306119870160879
2575,0.6727473989615492
2576,0.5277386950511636
2577,0.9226575319728073
2578,0.7572407194275261
2579,0.24669841320357955
2580,0.9394115234686055
2581,0.5955619988737648
2582,0.36064426443929914
2583,0.2596043731200996
2584,0.8651617874978028
2585,0.8421465388918709
2586,0.40153866985165787
2587,0.4618796713259005
2588,0.7314376394057006
2589,0.3504308913019774
2590,0.9651215314401032
2591,0.36893559078966015
2592,0.8661640344214282
2593,0.441169219359866
2594,0.7441706492712398
2595,0.9004561738166112
2596,0.7018878415062642
2597,0.7931019916159234
2598,0.29458266006466266
2599,0.39235306093664446
2600,0.790118941063759
2601,0.7558312585954965
2602,0.5109719052747624
2603,0.9033151937096644
2604,0.7071814209863048
2605,0.8195140569738304
2606,0.3776449258168866
2607,0.5637103942992657
2608,0.25114027625334284
2609,0.729436138448576
2610,0.5207564114813471
2611,0.7712504540939874
2612,0.5869622077313673
2613,0.263437385182262
2614,0.797389356276339
2615,0.7011102719076401
2616,0.5725554503084652
2617,0.387601064710727
2618,0.23401930730243287
2619,0.8646284426670656
2620,0.5246254638742145
2621,0.5142469558787713
2622,0.8740874806099513
2623,0.4241361681852461
2624,0.6930892339159592
2625,0.9409078106357477
2626,0.9633161424038775
2627,0.3313114545906499
2628,0.8481758304985567
2629,0.20583405101662655
2630,0.22363605336303444
2631,0.2371535369425263
2632,0.4259743594404406
2633,0.7841594520031303
2634,0.5033698366868677
2635,0.657044915490453
2636,0.9014145206850627
2637,0.6526917600561906
2638,0.43808119776563276
2639,0.5356760873470049
2640,0.2460616229413388
2641,0.5052398087242468
2642,0.585039721893674
2643,0.630743869877994
2644,0.5252751018419625
2645,0.7041588337155922
2646,0.9739021134016468
2647,0.8520215128532749
2648,0.7257965919739773
2649,0.6644118370203935
2650,0.7870097821247821
2651,0.293283510004626
2652,0.44863201050301066
2653,0.9171895545044592
2654,0.4031889029295349
2655,0.3529155650742128
2656,0.1427377615904239
2657,0.6779418711791553
2658,0.8624845966724638
2659,0.879727139463643
2660,0.4628065900070125
2661,0.28453673855689
2662,0.8426524998748999
2663,0.7389448366298371
2664,0.38401946575496093
2665,0.6067016914817015
2666,0.9023159103204865
2667,0.4378626171459904
2668,0.8537249527312774
2669,0.8109670897892691
2670,0.6906318833754607
2671,0.8978805808029461
2672,0.3271328674846787
2673,0.5643131816219038
2674,0.6417679759549899
2675,0.3539736825102163
2676,0.7396760955740487
2677,0.1307643174544878
2678,0.5967217587732655
2679,0.6810168273196973
2680,0.8038143727772111
2681,0.274039632350515
2682,0.40269601633285773
2683,0.35024791713414927
2684,0.3900964239590319
2685,0.44607760378887396
2686,0.4134162525413496
2687,0.9071622071364788
2688,0.40373497773824263
2689,0.39895962088190995
2690,0.6714303134054638
2691,0.8899201568353134
2692,0.23654683675832722
2693,0.6563251967209174
2694,0.31318100177329666
2695,0.831516335441609
2696,0.9001125003575046
2697,0.8654742642834226
2698,0.6833748916209061
2699,0.8566994508677438
2700,0.7357712795746473
2701,0.517156884071401
2702,0.6784576164900363
2703,0.5896133319571284
2704,0.31594177113561656
2705,0.7785019117456367
2706,0.8526885903660102
2707,0.2273844848853227
2708,0.30013597569339023
2709,0.8315982063520801
2710,0.768064040192698
2711,0.601526500449536
2712,0.801260744877152
